"Social Psychology","clues:social psychology",,,,,,
,"Analysis of collective decision-making","clues:analysis of collective decision-making",,,,,
,,"Conflict","clues:conflict",,,,
,,"Public choice theory","clues:public choice theory",,,,
,,"Social choice theory","clues:social choice theory",,,,
,"Anti-social behaviour","clues:anti-social behaviour",,,,,
,,"Antisocial personality disorder","clues:antisocial personality disorder",,,,
,,"Vandalism","clues:vandalism",,,,
,,,"Graffiti and unauthorised signage","clues:graffiti and unauthorised signage",,,
,"Behavioral economics","clues:behavioral economics",,,,,
,,"Allais paradox","clues:allais paradox",,,,
,,"Prospect Theory","clues:prospect theory",,,,
,,"Neuroeconomics","clues:neuroeconomics",,,,
,,"Physioeconomics","clues:physioeconomics",,,,
,"Cognitive biases","clues:cognitive biases",,,,,
,,"Acquiescence bias","clues:acquiescence bias",,,,
,,"Availability heuristic","clues:availability heuristic",,,,
,,"Bandwagon effect","clues:bandwagon effect",,,,
,,"Base rate fallacy","clues:base rate fallacy",,,,
,,"Bias blind spot","clues:bias blind spot",,,,
,,"Cognitive dissonance","clues:cognitive dissonance",,,,
,,"Fundamental attribution error","clues:fundamental attribution error",,,,
,,"Memory biases","clues:memory biases",,,,
,,,"Mere-exposure effect","clues:mere-exposure effect",,,
,,,"Reminiscence bump","clues:reminiscence bump",,,
,,,"Telescoping effect","clues:telescoping effect",,,
,,"Sunk cost fallacy","clues:sunk cost fallacy",,,,
,"Critical psychology","clues:critical psychology",,,,,
,"Cults","clues:cults",,,,,
,,"Atrocity story","clues:atrocity story",,,,
,,"Doomsday cult","clues:doomsday cult",,,,
,"Crowd psychology","clues:crowd psychology",,,,,
,,"Collective intelligence","clues:collective intelligence",,,,
,,"Mass hysteria","clues:mass hysteria",,,,
,,"Propaganda techniques","clues:propaganda techniques",,,,
,,,"Bandwagon effect","clues:bandwagon effect",,,
,,,"Big lie","clues:big lie",,,
,"Dissent","clues:dissent",,,,,
,,"Suppression of dissent","clues:suppression of dissent",,,,
,,"Whistleblowing","clues:whistleblowing",,,,
,"Gender studies","clues:gender studies",,,,,
,,"Biology of gender","clues:biology of gender",,,,
,,"Bisexuality","clues:bisexuality",,,,
,,"Feminist theory","clues:feminist theory",,,,
,,"Gender equality","clues:gender equality",,,,
,,"Hegemonic masculinity","clues:hegemonic masculinity",,,,
,,"Heterophobia","clues:heterophobia",,,,
,,"Heterosexism","clues:heterosexism",,,,
,,"Homosexuality","clues:homosexuality",,,,
,,"Men's studies","clues:men's studies",,,,
,,"Queer theory","clues:queer theory",,,,
,,,"Heteronormativity","clues:heteronormativity",,,
,"Group processes","clues:group processes",,,,,
,,"Conformity","clues:conformity",,,,
,,"Consensus decision-making","clues:consensus decision-making",,,,
,,"Emotional contagion","clues:emotional contagion",,,,
,,"Friendship","clues:friendship",,,,
,,"Group behaviour","clues:group behaviour",,,,
,,"Group conflict","clues:group conflict",,,,
,,"Group polarization","clues:group polarization",,,,
,,"Group psychotherapy","clues:group psychotherapy",,,,
,,"Groupthink","clues:groupthink",,,,
,,"In-group-out-group bias","clues:in-group-out-group bias",,,,
,,"Mass hysteria","clues:mass hysteria",,,,
,,"Milgram experiment","clues:milgram experiment",,,,
,,"Minimal group paradigm","clues:minimal group paradigm",,,,
,,"Stanford prison experiment","clues:stanford prison experiment",,,,
,,"System justification","clues:system justification",,,,
,"Human communication","clues:human communication",,,,,
,,"Emotional competence","clues:emotional competence",,,,
,,"Gaze","clues:gaze",,,,
,,"Language","clues:language",,,,
,,,"Design features of language","clues:design features of language",,,
,,,"General semantics","clues:general semantics",,,
,,,"Language acquisition","clues:language acquisition",,,
,,"Mirroring (psychology)","clues:mirroring (psychology)",,,,
,,"Paralanguage","clues:paralanguage",,,,
,"Moral psychology","clues:moral psychology",,,,,
,,"Defining Issues Test","clues:defining issues test",,,,
,,"Identifiable victim effect","clues:identifiable victim effect",,,,
,,"Moral reasoning","clues:moral reasoning",,,,
,"Organizational psychology","clues:organizational psychology",,,,,
,,"Cognitive complexity","clues:cognitive complexity",,,,
,,"Embeddedness","clues:embeddedness",,,,
,,"Happiness at work","clues:happiness at work",,,,
,,"Industrial and organizational psychology","clues:industrial and organizational psychology",,,,
,,"Military psychology","clues:military psychology",,,,
,,"Organizational analysis","clues:organizational analysis",,,,
,,"Organizational behavior","clues:organizational behavior",,,,
,,"Total institutions","clues:total institutions",,,,
,,,"Anti-psychiatry","clues:anti-psychiatry",,,
,,,"History of psychiatric institutions","clues:history of psychiatric institutions",,,
,"Persuasion","clues:persuasion",,,,,
,,"Apologetics","clues:apologetics",,,,
,,"Compliance gaining","clues:compliance gaining",,,,
,,"Marketing","clues:marketing",,,,
,,,"Brand management","clues:brand management",,,
,,,"Market research","clues:market research",,,
,"Prejudice and discrimination","clues:prejudice and discrimination",,,,,
,,"Adultcentrism","clues:adultcentrism",,,,
,,"Affirmative action","clues:affirmative action",,,,
,,"Disability","clues:disability",,,,
,,"Ethnocentrism","clues:ethnocentrism",,,,
,,"Fat acceptance movement","clues:fat acceptance movement",,,,
,,"Misandry","clues:misandry",,,,
,,"Misogyny","clues:misogyny",,,,
,,"Racism","clues:racism",,,,
,,"Religious discrimination","clues:religious discrimination",,,,
,,"The Attribution-Value Model","clues:the attribution-value model",,,,
,"Psychological attitude","clues:psychological attitude",,,,,
,,"Apathy","clues:apathy",,,,
,,"Attitude attribution","clues:attitude attribution",,,,
,,"Attitude change","clues:attitude change",,,,
,,"Boldness","clues:boldness",,,,
,,"Courage","clues:courage",,,,
,,"Curiosity","clues:curiosity",,,,
,,"Evaluative conditioning","clues:evaluative conditioning",,,,
,,"Implicit attitude","clues:implicit attitude",,,,
,,"Learned helplessness","clues:learned helplessness",,,,
,,"Pride","clues:pride",,,,
,,"Self-esteem","clues:self-esteem",,,,
,,"Self-verification theory","clues:self-verification theory",,,,
,"Role theory","clues:role theory",,,,,
,"Social constructionism","clues:social constructionism",,,,,
,,"Activity theory","clues:activity theory",,,,
,,"Consensus reality","clues:consensus reality",,,,
,,"Constructivist epistemology","clues:constructivist epistemology",,,,
,,"Social construction of gender difference","clues:social construction of gender difference",,,,
,,"Social determinism","clues:social determinism",,,,
,,"Social reality","clues:social reality",,,,
,"Socialization","clues:socialization",,,,,
,,"Generalized other","clues:generalized other",,,,
,,"Primary socialisation","clues:primary socialisation",,,,
,,"Reciprocal socialization","clues:reciprocal socialization",,,,
,,"Role model","clues:role model",,,,